quarter,game_clock,drive_num,drive_count,poss,down,dist,yl,terr,play_type,gain_loss,gnls_to_yl,gnls_to_terr,rusher,run_dir,passer,pass_dir,pass_depth,intended,pass_result,intBy,int_terr,int_yl,pbuBy,hurriedBy,kicker,kick_yards,kick_terr,kick_yl,kick_result,fg_dist,fg_result,xp_type,xp_result,retBy,ret_yards,ret_terr,ret_yl,tackler1,tackler2,fumble_num,fumbleBy,recoveredBy,recovery_team,recov_terr,recov_yl,presnap_pen,penalty,penOn,pen_team,pen_yards,touchdown,no_play,timeout,kneel,away_points_on_play,home_points_on_play,away_points,home_points
1,15:00,1,0,WCU,,,,,,,,,,,,,,,,,,,,,,,,,,,,,,,,,,,,,,,,,,,,,,,,,,,0,0,0.0,0.0
1,15:00,1,1,WCU,,,,,,,,,,,,,,,,,,,,,,,,,,,,,,,,,,,,,,,,,,,,,,,,,,,0,0,0.0,0.0
1,15:00,1,2,WCU,,,,,Kickoff,,,,,,,,,,,,,,,,Sean Henry,64,BLOOM,1,,,,,,,,,,,,,,,,,,,,,,,,,,,0,0,0.0,0.0
1,15:00,1,3,WCU,,,,,,,,,,,,,,,,,,,,,,,,,,,,,,,,,,,,,,,,,,,,,,,,,,,0,0,0.0,0.0
1,15:00,2,0,BLM,,,,,,,,,,,,,,,,,,,,,,,,,,,,,,,,,,,,,,,,,,,,,,,,,,,0,0,0.0,0.0
1,15:00,2,1,BLM,1,10,-35,BLM,,,,,,,,,,,,,,,,,,,,,,,,,,,,,,,,,,,,,,,,,,,,,,,0,0,0.0,0.0
1,15:00,2,2,BLM,1,10,-35,BLM,Run,6.0,41,BLOOM,Kaleb Monaco,M,,,,,,,,,,,,,,,,,,,,,,,,Ayyub Dail,Khalib Slaughter,,,,,,,,,,,,,,,,0,0,0.0,0.0
1,15:00,2,3,BLM,2,4,-41,BLM,Pass,4.0,45,BLOOM,,,KJ Riley,L, short,Owen Anderson,Complete,,,,,,,,,,,,,,,,,,,Darrell Brown,,,,,,,,,,,,,,,,,0,0,0.0,0.0
1,15:00,2,4,BLM,1,10,-45,BLM,Penalty,,,,,,,,,,,,,,,,,,,,,,,,,,,,,,,,,,,,,1.0,False Start,,BLOOM,5,,1.0,,,0,0,0.0,0.0
1,15:00,2,5,BLM,1,15,-40,BLM,Run,2.0,42,BLOOM,Nadir McLeod,M,,,,,,,,,,,,,,,,,,,,,,,,Charley Mininger,Nate Desmond,,,,,,,,,,,,,,,,0,0,0.0,0.0
1,15:00,2,6,BLM,2,13,-42,BLM,Pass,13.0,45,WCU,,,KJ Riley,R, short,Jerry Griffen-Batchler,Complete,,,,,,,,,,,,,,,,,,,Kaleb Brown,,,,,,,,,,,,,,,,,0,0,0.0,0.0
1,15:00,2,7,BLM,1,10,45,WCU,Pass,0.0,,,,,KJ Riley,M, deep,Jerry Griffen-Batchler,Incomplete,,,,,,,,,,,,,,,,,,,,,,,,,,,,,,,,,,,,0,0,0.0,0.0
1,15:00,2,8,BLM,2,10,45,WCU,Run,13.0,32,WCU,Kaleb Monaco,R,,,,,,,,,,,,,,,,,,,,,,,,Ayyub Dail,Connor Noble,,,,,,,,,,,,,,,,0,0,0.0,0.0
1,15:00,2,9,BLM,1,10,17,WCU,Run,3.0,14,WCU,Kaleb Monaco,M,,,,,,,,,,,,,,,,,,,,,,,,Connor Noble,Khalib Slaughter,,,,,,,,,,,,,,,,0,0,0.0,0.0
1,15:00,2,10,BLM,2,7,14,WCU,Run,8.0,6,WCU,Kaleb Monaco,R,,,,,,,,,,,,,,,,,,,,,,,,DeJuan Dandridge,,,,,,,,,,,,,,1.0,,,0,0,0.0,0.0
1,15:00,2,11,BLM,2,7,14,WCU,Run,2.0,12,WCU,Kaleb Monaco,M,,,,,,,,,,,,,,,,,,,,,,,,Nate Desmond,,,,,,,,,,,,,,,,,0,0,0.0,0.0
1,15:00,2,12,BLM,3,5,12,WCU,Pass,7.0,5,WCU,,,KJ Riley,R, short,Jerry Griffen-Batchler,Complete,,,,,,,,,,,,,,,,,,,Sterlen Barr,,,,,,,,,,,,,,,,,0,0,0.0,0.0
1,09:11,2,13,BLM,1,5,5,WCU,Run,5.0,0,WCU,Kaleb Monaco,M,,,,,,,,,,,,,,,,,,,,,,,,,,,,,,,,,,,,,1.0,,,,6,0,0.0,0.0
1,09:11,2,14,BLM,1,10,3,WCU,Extra Pt.,,,,,,,,,,,,,,,,Christopher George,,,,,,,Kick,Good,,,,,KJ Riley,,,,,,,,,,,,,,,,,1,0,6.0,0.0
1,09:11,2,15,BLM,1,10,-35,BLM,Kickoff,,,,,,,,,,,,,,,,Kevin Carrigan,65,WCU,0,Touchback,,,,,,,,,,,,,,,,,,,,,,,,,,0,0,7.0,0.0
1,09:11,3,0,WCU,,,,,,,,,,,,,,,,,,,,,,,,,,,,,,,,,,,,,,,,,,,,,,,,,,,0,0,7.0,0.0
1,09:11,3,1,WCU,1,10,-25,WCU,,,,,,,,,,,,,,,,,,,,,,,,,,,,,,,,,,,,,,,,,,,,,,,0,0,7.0,0.0
1,09:11,3,2,WCU,1,10,-25,WCU,Pass,0.0,,,,,Cooper Jordan,R, short,Seth Degree,Incomplete,,,,,,,,,,,,,,,,,,,,,,,,,,,,,,,,,,,,0,0,7.0,0.0
1,09:11,3,3,WCU,2,10,-25,WCU,Run,14.0,39,WCU,Jayden Williams,R,,,,,,,,,,,,,,,,,,,,,,,,Quentin Gaskill,Ryan D'Ambra,,,,,,,,,,,,,,,,0,0,7.0,0.0
1,09:11,3,4,WCU,1,10,-39,WCU,Run,2.0,41,WCU,Cooper Jordan,R,,,,,,,,,,,,,,,,,,,,,,,,Tom Goetz,,,,,,,,,,,,,,,,,0,0,7.0,0.0
1,09:11,3,5,WCU,2,8,-41,WCU,Pass,14.0,45,BLOOM,,,Cooper Jordan,R, short,Daquan Robinson,Complete,,,,,,,,,,,,,,,,,,,Ron Long,,,,,,,,,Illegal Formation,,WCU,5,,1.0,,,0,0,7.0,0.0
1,09:11,3,6,WCU,2,13,-36,WCU,Run,2.0,38,WCU,Cooper Jordan,M,,,,,,,,,,,,,,,,,,,,,,,,Giovanni Cancro,Brady Thompson,,,,,,,,,,,,,,,,0,0,7.0,0.0
1,09:11,3,7,WCU,3,11,-38,WCU,Penalty,,,,,,,,,,,,,,,,,,,,,,,,,,,,,,,,,,,,,1.0,,Kenny Yurkonis,,,,1.0,,,0,0,7.0,0.0
1,09:11,3,8,WCU,3,6,-43,WCU,Pass,0.0,,,,,Cooper Jordan,L, short,Julian Jordan,Incomplete,,,,,,,,,,,,,,,,,,,,,,,,,,,,,,,,,,,,0,0,7.0,0.0
1,09:11,3,9,WCU,4,6,-43,WCU,Punt,,,,,,,,,,,,,,,,Sean Henry,41,BLOOM,16,Fair Catch,,,,,,,,,,,,,,,,,,,,,,,,,,0,0,7.0,0.0
1,06:15,4,0,WCU,,,,,,,,,,,,,,,,,,,,,,,,,,,,,,,,,,,,,,,,,,,,,,,,,,,0,0,7.0,0.0
1,06:15,4,1,WCU,1,10,16,BLM,,,,,,,,,,,,,,,,,,,,,,,,,,,,,,,,,,,,,,,,,,,,,,,0,0,7.0,0.0
1,06:15,4,2,BLM,1,10,-16,BLM,Run,2.0,18,BLOOM,Kaleb Monaco,M,,,,,,,,,,,,,,,,,,,,,,,,Charley Mininger,Tom Burns,,,,,,,,,,,,,,,,0,0,7.0,0.0
1,06:15,4,3,BLM,2,8,-18,BLM,Run,0.0,18,BLOOM,Kaleb Monaco,M,,,,,,,,,,,,,,,,,,,,,,,,Ayyub Dail,Obi Anyatonwu,,,,,,,,,,,,,,,,0,0,7.0,0.0
1,06:15,4,4,BLM,3,8,-18,BLM,Pass,0.0,,,,,KJ Riley,R, deep,Owen Anderson,Incomplete,,,,,,,,,,,,,,,,,,,,,,,,,,,,,,,,,,,,0,0,7.0,0.0
1,04:25,4,5,BLM,4,8,-18,BLM,Punt,,,,,,,,,,,,,,,,Brendan Gregory,42,WCU,40,Return,,,,,D'Shaun Seals,60,BLOOM,0,,,,,,,,,,,,,,1.0,,,,0,6,7.0,0.0
1,04:25,4,6,WCU,1,10,3,BLM,Extra Pt.,,,,,,,,,,,,,,,,Sean Henry,,,,,,,Kick,Good,,,,,Chris Barbera,,,,,,,,,,,,,,,,,0,1,7.0,6.0
1,04:25,4,7,WCU,1,10,-35,WCU,Kickoff,,,,,,,,,,,,,,,,Sean Henry,65,BLOOM,0,Return,,,,,Kaleb Monaco,32,BLOOM,32,Jimmy Wright,,,,,,,,,,,,,,,,,0,0,7.0,7.0
1,04:16,5,0,BLM,,,,,,,,,,,,,,,,,,,,,,,,,,,,,,,,,,,,,,,,,,,,,,,,,,,0,0,7.0,7.0
1,04:16,5,1,BLM,1,10,-32,BLM,,,,,,,,,,,,,,,,,,,,,,,,,,,,,,,,,,,,,,,,,,,,,,,0,0,7.0,7.0
1,04:16,5,2,BLM,1,10,-32,BLM,Run,3.0,35,BLOOM,Ty Pringle,M,,,,,,,,,,,,,,,,,,,,,,,,Ayyub Dail,Nate Desmond,,,,,,,,,,,,,,,,0,0,7.0,7.0
1,04:16,5,3,BLM,2,7,-35,BLM,Pass,7.0,42,BLOOM,,,KJ Riley,M, short,Nas Jones,Complete,,,,,,,,,,,,,,,,,,,DeJuan Dandridge,,,,,,,,,,,,,,,,,0,0,7.0,7.0
1,04:16,5,4,BLM,1,10,-42,BLM,Pass,0.0,,,,,KJ Riley,R, deep,Jerry Griffen-Batchler,Incomplete,,,,,,,,,,,,,,,,,,,,,,,,,,,,,,,,,,,,0,0,7.0,7.0
1,04:16,5,5,BLM,2,10,-42,BLM,Run,0.0,42,BLOOM,Ty Pringle,R,,,,,,,,,,,,,,,,,,,,,,,,Khalib Slaughter,,,,,,,,,,,,,,,,,0,0,7.0,7.0
1,04:16,5,6,BLM,3,10,-42,BLM,Pass,0.0,,,,,KJ Riley,M, short,Jaden Helton,Incomplete,,,,,,,,,,,,,,,,,,,,,,,,,,,,,,,,,,,,0,0,7.0,7.0
1,04:16,5,7,BLM,4,10,-42,BLM,Punt,,,,,,,,,,,,,,,,Brendan Gregory,35,WCU,23,Fair Catch,,,,,,,,,,,,,,,,,,,,,,,,,,0,0,7.0,7.0
1,01:50,6,0,WCU,,,,,,,,,,,,,,,,,,,,,,,,,,,,,,,,,,,,,,,,,,,,,,,,,,,0,0,7.0,7.0
1,01:50,6,1,WCU,1,10,-23,WCU,,,,,,,,,,,,,,,,,,,,,,,,,,,,,,,,,,,,,,,,,,,,,,,0,0,7.0,7.0
1,01:50,6,2,WCU,1,10,-23,WCU,Pass,0.0,,,,,Cooper Jordan,L, deep,Julian Jordan,Incomplete,,,,,,,,,,,,,,,,,,,,,,,,,,,,,,,,,,,,0,0,7.0,7.0
1,01:50,6,3,WCU,2,10,-23,WCU,Run,1.0,24,WCU,Daquan Robinson,M,,,,,,,,,,,,,,,,,,,,,,,,Ky Seesholtz,,,,,,,,,,,,,,,,,0,0,7.0,7.0
1,01:50,6,4,WCU,3,9,-24,WCU,Pass,11.0,35,WCU,,,Cooper Jordan,L, short,Rahiem Bowens,Complete,,,,,,,,,,,,,,,,,,,,,,,,,,,,,,,,,,,,0,0,7.0,7.0
1,01:50,6,5,WCU,1,10,-35,WCU,Run,4.0,39,WCU,Daquan Robinson,L,,,,,,,,,,,,,,,,,,,,,,,,Giovanni Cancro,,,,,,,,,,,,,,,,,0,0,7.0,7.0
2,01:50,7,0,WCU,,,,,,,,,,,,,,,,,,,,,,,,,,,,,,,,,,,,,,,,,,,,,,,,,,,0,0,7.0,7.0
2,15:00,7,1,WCU,2,6,-39,WCU,,,,,,,,,,,,,,,,,,,,,,,,,,,,,,,,,,,,,,,,,,,,,,,0,0,7.0,7.0
2,15:00,7,2,WCU,2,6,-39,WCU,Pass,11.0,50,WCU,,,Cooper Jordan,L, short,Daquan Robinson,Complete,,,,,,,,,,,,,,,,,,,Ryan D'Ambra,,,,,,,,,,,,,,,,,0,0,7.0,7.0
2,15:00,7,3,WCU,1,10,50,WCU,Run,4.0,46,BLOOM,Daquan Robinson,L,,,,,,,,,,,,,,,,,,,,Ervin Mitchell,5,WCU,49,Julian Jordan,,0.0,Daquan Robinson,Ervin Mitchell,BLOOM,BLOOM,48,,,,,,,,,,0,0,7.0,7.0
2,14:03,8,0,BLM,,,,,,,,,,,,,,,,,,,,,,,,,,,,,,,,,,,,,,,,,,,,,,,,,,,0,0,7.0,7.0
2,14:03,8,1,BLM,1,10,49,WCU,,,,,,,,,,,,,,,,,,,,,,,,,,,,,,,,,,,,,,,,,,,,,,,0,0,7.0,7.0
2,14:03,8,2,BLM,1,10,49,WCU,Run,8.0,41,WCU,Kaleb Monaco,L,,,,,,,,,,,,,,,,,,,,,,,,Obi Anyatonwu,,,,,,,,,,,,,,,,,0,0,7.0,7.0
2,14:03,8,3,BLM,2,2,41,WCU,Run,4.0,37,WCU,Kaleb Monaco,L,,,,,,,,,,,,,,,,,,,,,,,,DeJuan Dandridge,,,,,,,,,,,,,,,,,0,0,7.0,7.0
2,14:03,8,4,BLM,1,10,37,WCU,Run,10.0,27,WCU,KJ Riley,R,,,,,,,,,,,,,,,,,,,,,,,,DeJuan Dandridge,Connor Noble,,,,,,,,,,,,,,1.0,,0,0,7.0,7.0
2,11:52,8,5,BLM,1,10,27,WCU,Timeout,,,,,,,,,,,,,,,,,,,,,,,,,,,,,,,,,,,,,,,,,,,,,,0,0,7.0,7.0
2,11:52,8,6,BLM,1,10,27,WCU,Run,-9.0,36,WCU,,,,,,,,,,,,,,,,,,,,,,,,,,,,,,,,,,,,,,,,,,,0,0,7.0,7.0
2,11:52,8,7,BLM,2,19,36,WCU,Run,4.0,32,WCU,Ty Pringle,R,,,,,,,,,,,,,,,,,,,,,,,,Sterlen Barr,,,,,,,,,,,,,,,,,0,0,7.0,7.0
2,11:52,8,8,BLM,3,15,32,WCU,Run,2.0,30,WCU,Ty Pringle,R,,,,,,,,,,,,,,,,,,,,,,,,Connor Noble,Khalib Slaughter,,,,,,,,,,,,,,1.0,,0,0,7.0,7.0
2,09:41,8,9,BLM,4,13,30,WCU,Timeout,,,,,,,,,,,,,,,,,,,,,,,,,,,,,,,,,,,,,,,,,,,,,,0,0,7.0,7.0
2,09:34,8,10,BLM,4,13,30,WCU,FG,,,,,,,,,,,,,,,,Christopher George,,,,,48,No Good,,,,,,,KJ Riley,,,,,,,,,,,,,,,,,0,0,7.0,7.0
2,09:34,9,0,WCU,,,,,,,,,,,,,,,,,,,,,,,,,,,,,,,,,,,,,,,,,,,,,,,,,,,0,0,7.0,7.0
2,09:34,9,1,WCU,1,10,-30,WCU,,,,,,,,,,,,,,,,,,,,,,,,,,,,,,,,,,,,,,,,,,,,,,,0,0,7.0,7.0
2,09:34,9,2,WCU,1,10,-30,WCU,Run,1.0,31,WCU,Jayden Williams,M,,,,,,,,,,,,,,,,,,,,,,,,Brady Thompson,,,,,,,,,,,,,,,,,0,0,7.0,7.0
2,09:34,9,3,WCU,2,9,-31,WCU,Pass,13.0,44,WCU,,,Ethan Kohler,R, short,Rahiem Bowens,Complete,,,,,,,,,,,,,,,,,,,Quentin Gaskill,,,,,,,,,,,,,,,,,0,0,7.0,7.0
2,09:34,9,4,WCU,1,10,-44,WCU,Run,2.0,46,WCU,Jayden Williams,M,,,,,,,,,,,,,,,,,,,,,,,,Kenny Yurkonis,Giovanni Cancro,,,,,,,,,,,,,,,,0,0,7.0,7.0
2,09:34,9,5,WCU,2,8,-46,WCU,Pass,17.0,37,BLOOM,,,Ethan Kohler,L, short,D'Shaun Seals,Complete,,,,,,,,,,,,,,,,,,,Devin Fleming,Nate Capers,,,,,,,,,,,,,,,,0,0,7.0,7.0
2,09:34,9,6,BLM,1,10,-37,BLM,Run,6.0,31,BLOOM,Jayden Williams,L,,,,,,,,,,,,,,,,,,,,,,,,Ron Long,,,,,,,,,,,,,,,,,0,0,7.0,7.0
2,09:34,9,7,BLM,2,4,-31,BLM,Pass,9.0,22,BLOOM,,,Ethan Kohler,M, short,Rahiem Bowens,Complete,,,,,,,,,,,,,,,,,,,Brady Thompson,,0.0,Rahiem Bowens,,,BLOOM,23,,,,,,,,,,0,0,7.0,7.0
2,09:34,9,8,BLM,1,10,-22,BLM,Run,19.0,3,BLOOM,Jayden Williams,L,,,,,,,,,,,,,,,,,,,,,,,,Quentin Gaskill,,,,,,,,,,,,,,,,,0,0,7.0,7.0
2,05:04,9,9,BLM,1,3,-3,BLM,Run,3.0,0,BLOOM,Brody McAndrew,M,,,,,,,,,,,,,,,,,,,,,,,,,,,,,,,,,,,,,1.0,,,,6,0,7.0,7.0
2,05:04,9,10,WCU,1,10,3,BLM,Extra Pt.,,,,,,,,,,,,,,,,Sean Henry,,,,,,,Kick,Good,,,,,Chris Barbera,,,,,,,,,,,,,,,,,0,1,13.0,7.0
2,05:04,9,11,WCU,1,10,-35,WCU,Penalty,,,,,,,,,,,,,,,,,,,,,,,,,,,,,,,,,,,,,1.0,,,,,,1.0,,,0,0,13.0,8.0
2,05:04,9,12,WCU,1,10,-20,WCU,Kickoff,,,,,,,,,,,,,,,,Sean Henry,63,BLOOM,17,Return,,,,,Kaleb Monaco,19,BLOOM,36,Victor Pena,Alex Sciarrino,,,,,,,,,,,,,,,,0,0,13.0,8.0
2,04:56,10,0,BLM,,,,,,,,,,,,,,,,,,,,,,,,,,,,,,,,,,,,,,,,,,,,,,,,,,,0,0,13.0,8.0
2,04:56,10,1,BLM,1,10,-36,BLM,,,,,,,,,,,,,,,,,,,,,,,,,,,,,,,,,,,,,,,,,,,,,,,0,0,13.0,8.0
2,04:56,10,2,BLM,1,10,-36,BLM,Pass,15.0,49,WCU,,,KJ Riley,L, short,Nas Jones,Complete,,,,,,,,,,,,,,,,,,,Kaleb Brown,,,,,,,,,,,,,,,,,0,0,13.0,8.0
2,04:56,10,3,BLM,1,10,49,WCU,Pass,39.0,10,WCU,,,KJ Riley,M, deep,Owen Anderson,Complete,,,,,,,,,,,,,,,,,,,,,,,,,,,,,,,,,,,,0,0,13.0,8.0
2,04:56,10,4,BLM,1,10,10,WCU,Run,4.0,6,WCU,Kaleb Monaco,M,,,,,,,,,,,,,,,,,,,,,,,,Connor Noble,,,,,,,,,,,,,,,,,0,0,13.0,8.0
2,03:02,10,5,BLM,2,6,6,WCU,Run,6.0,0,WCU,Jerry Griffen-Batchler,L,,,,,,,,,,,,,,,,,,,,,,,,,,,,,,,,,,,,,1.0,,,,6,0,13.0,8.0
2,03:02,10,6,BLM,1,10,3,WCU,Extra Pt.,,,,,,,,,,,,,,,,Christopher George,,,,,,,Kick,Good,,,,,KJ Riley,,,,,,,,,,,,,,,,,1,0,19.0,8.0
2,03:02,10,7,BLM,1,10,-35,BLM,Kickoff,,,,,,,,,,,,,,,,Kevin Carrigan,63,WCU,2,Return,,,,,Dayshawn Jacobs,36,WCU,38,Hakeem Bacon,,,,,,,,,,,,,,,,,0,0,20.0,8.0
2,02:49,11,0,WCU,,,,,,,,,,,,,,,,,,,,,,,,,,,,,,,,,,,,,,,,,,,,,,,,,,,0,0,20.0,8.0
2,02:49,11,1,WCU,1,10,-38,WCU,,,,,,,,,,,,,,,,,,,,,,,,,,,,,,,,,,,,,,,,,,,,,,,0,0,20.0,8.0
2,02:49,11,2,WCU,1,10,-38,WCU,Run,4.0,42,WCU,Jayden Williams,L,,,,,,,,,,,,,,,,,,,,,,,,Quentin Gaskill,,,,,,,,,,,,,,,,,0,0,20.0,8.0
2,02:49,11,3,WCU,2,6,-42,WCU,Run,2.0,44,WCU,Cooper Jordan,M,,,,,,,,,,,,,,,,,,,,,,,,Tom Goetz,,,,,,,,,,,,,,,,,0,0,20.0,8.0
2,02:49,11,4,WCU,3,4,-44,WCU,Pass,0.0,,,,,Cooper Jordan,L, short,Rahiem Bowens,Incomplete,,,,,,,,,,,,,,,,,,,,,,,,,,,,,,,,,,,,0,0,20.0,8.0
2,02:49,11,5,WCU,4,4,-44,WCU,Punt,,,,,,,,,,,,,,,,Sean Henry,34,BLOOM,22,Fair Catch,,,,,,,,,,,,,,,,,,,,,,,,,,0,0,20.0,8.0
2,02:49,11,6,WCU,4,4,-44,WCU,,,,,,,,,,,,,,,,,,,,,,,,,,,,,,,,,,,,,,,,,,,,,,,0,0,20.0,8.0
2,01:36,12,0,BLM,,,,,,,,,,,,,,,,,,,,,,,,,,,,,,,,,,,,,,,,,,,,,,,,,,,0,0,20.0,8.0
2,01:36,12,1,BLM,1,10,-11,BLM,,,,,,,,,,,,,,,,,,,,,,,,,,,,,,,,,,,,,,,,,,,,,,,0,0,20.0,8.0
2,01:36,12,2,BLM,1,10,-11,BLM,Run,11.0,22,BLOOM,Ty Pringle,R,,,,,,,,,,,,,,,,,,,,,,,,Sterlen Barr,,,,,,,,,,,,,,,,,0,0,20.0,8.0
2,01:36,12,3,BLM,1,10,-22,BLM,Run,7.0,29,BLOOM,Ty Pringle,R,,,,,,,,,,,,,,,,,,,,,,,,Connor Noble,,,,,,,,,,,,,,,,,0,0,20.0,8.0
2,01:36,12,4,BLM,2,3,-29,BLM,Run,6.0,35,BLOOM,Ty Pringle,M,,,,,,,,,,,,,,,,,,,,,,,,Darrell Brown,Maurice Beverly,,,,,,,,,,,,,,,,0,0,20.0,8.0
2,01:36,12,5,BLM,1,10,-35,BLM,Pass,12.0,47,BLOOM,,,KJ Riley,R, short,Jerry Griffen-Batchler,Complete,,,,,,,,,,,,,,,,,,,Sterlen Barr,,,,,,,,,,,,,,,,,0,0,20.0,8.0
2,01:36,12,6,BLM,1,10,-47,BLM,Pass,5.0,48,WCU,,,KJ Riley,R, short,Owen Anderson,Complete,,,,,,,,,,,,,,,,,,,Khalib Slaughter,Connor Noble,,,,,,,,,,,,,,1.0,,0,0,20.0,8.0
2,00:16,12,7,BLM,2,5,48,WCU,Timeout,,,,,,,,,,,,,,,,,,,,,,,,,,,,,,,,,,,,,,,,,,,,,,0,0,20.0,8.0
2,00:16,12,8,BLM,2,5,48,WCU,Pass,0.0,,,,,KJ Riley,M, short,Nas Jones,Incomplete,,,,,,,,,,,,,,,,,,,,,,,,,,,,,,,,,,,,0,0,20.0,8.0
2,00:16,12,9,BLM,3,5,48,WCU,Pass,11.0,37,WCU,,,KJ Riley,R, short,Nas Jones,Complete,,,,,,,,,,,,,,,,,,,,,,,,,,,,,,,,,,,,0,0,20.0,8.0
2,00:16,12,10,BLM,1,10,37,WCU,Run,1.0,36,WCU,KJ Riley,R,,,,,,,,,,,,,,,,,,,,,,,,Charley Mininger,,,,,,,,,,,,,,,,,0,0,20.0,8.0
2,00:00,12,11,BLM,2,9,36,WCU,,,,,,,,,,,,,,,,,,,,,,,,,,,,,,,,,,,,,,,,,,,,,,,0,0,20.0,8.0
3,00:00,13,0,BLM,,,,,,,,,,,,,,,,,,,,,,,,,,,,,,,,,,,,,,,,,,,,,,,,,,,0,0,20.0,8.0
3,15:00,13,1,BLM,,,,,,,,,,,,,,,,,,,,,,,,,,,,,,,,,,,,,,,,,,,,,,,,,,,0,0,20.0,8.0
3,15:00,13,2,BLM,,,,,,,,,,,,,,,,,,,,,,20,WCU,45,,,,,,,,,,,,,,,,,,,Offside,,BLOOM,5,,1.0,,,0,0,20.0,8.0
3,15:00,13,3,BLM,,,,,Kickoff,,,,,,,,,,,,,,,,Kevin Carrigan,63,WCU,7,,,,,,,,,,,,,,,,,,,,,,,,,,,0,0,20.0,8.0
3,15:00,13,4,BLM,,,,,,,,,,,,,,,,,,,,,,,,,,,,,,,,,,,,,,,,,,,,,,,,,,,0,0,20.0,8.0
3,14:57,14,0,WCU,,,,,,,,,,,,,,,,,,,,,,,,,,,,,,,,,,,,,,,,,,,,,,,,,,,0,0,20.0,8.0
3,14:57,14,1,WCU,1,10,-40,WCU,,,,,,,,,,,,,,,,,,,,,,,,,,,,,,,,,,,,,,,,,,,,,,,0,0,20.0,8.0
3,14:57,14,2,WCU,1,10,-40,WCU,Run,6.0,46,WCU,Jayden Williams,R,,,,,,,,,,,,,,,,,,,,,,,,Tom Goetz,,,,,,,,,,,,,,,,,0,0,20.0,8.0
3,14:57,14,3,WCU,2,4,-46,WCU,Run,9.0,45,BLOOM,Jayden Williams,R,,,,,,,,,,,,,,,,,,,,,,,,Brady Thompson,,,,,,,,,,,,,,,,,0,0,20.0,8.0
3,14:57,14,4,BLM,1,10,-45,BLM,Run,9.0,36,BLOOM,Jayden Williams,R,,,,,,,,,,,,,,,,,,,,,,,,Ron Long,,,,,,,,,,Ron Long,,,,,,,0,0,20.0,8.0
3,14:57,14,5,BLM,1,10,-21,BLM,Run,4.0,17,BLOOM,Brody McAndrew,M,,,,,,,,,,,,,,,,,,,,,,,,Quentin Gaskill,Nate Capers,,,,,,,,,,,,,,,,0,0,20.0,8.0
3,14:57,14,6,BLM,2,6,-17,BLM,Run,-1.0,18,BLOOM,Jayden Williams,R,,,,,,,,,,,,,,,,,,,,,,,,Giovanni Cancro,,,,,,,,,,,,,,,,,0,0,20.0,8.0
3,14:57,14,7,BLM,3,7,-18,BLM,Pass,9.0,9,BLOOM,,,Cooper Jordan,R, short,Dayshawn Jacobs,Complete,,,,,,,,,,,,,,,,,,,Quentin Gaskill,Kenny Yurkonis,,,,,,,,,,,,,,,,0,0,20.0,8.0
3,11:20,14,8,BLM,1,9,-9,BLM,Run,9.0,0,BLOOM,Cooper Jordan,R,,,,,,,,,,,,,,,,,,,,,,,,,,,,,,,,,,,,,1.0,,,,6,0,20.0,8.0
3,11:20,14,9,WCU,1,10,3,BLM,Extra Pt.,,,,,,,,,,,,,,,,Sean Henry,,,,,,,Kick,Good,,,,,Chris Barbera,,,,,,,,,,,,,,,,,0,1,26.0,8.0
3,11:20,14,10,WCU,1,10,-35,WCU,Kickoff,,,,,,,,,,,,,,,,Sean Henry,65,BLOOM,0,Touchback,,,,,,,,,,,,,,,,,,,,,,,,,,0,0,26.0,9.0
3,11:20,15,0,BLM,,,,,,,,,,,,,,,,,,,,,,,,,,,,,,,,,,,,,,,,,,,,,,,,,,,0,0,26.0,9.0
3,11:20,15,1,BLM,1,10,-25,BLM,,,,,,,,,,,,,,,,,,,,,,,,,,,,,,,,,,,,,,,,,,,,,,,0,0,26.0,9.0
3,11:20,15,2,BLM,1,10,-25,BLM,Run,4.0,29,BLOOM,Kaleb Monaco,M,,,,,,,,,,,,,,,,,,,,,,,,Tom Burns,,,,,,,,,,,,,,,,,0,0,26.0,9.0
3,11:20,15,3,BLM,2,6,-29,BLM,Run,9.0,38,BLOOM,Kaleb Monaco,R,,,,,,,,,,,,,,,,,,,,,,,,Maurice Beverly,,,,,,,,,,,,,,,,,0,0,26.0,9.0
3,11:20,15,4,BLM,1,10,-38,BLM,Run,6.0,44,BLOOM,Kaleb Monaco,R,,,,,,,,,,,,,,,,,,,,,,,,Ayyub Dail,,,,,,,,,,,,,,,,,0,0,26.0,9.0
3,11:20,15,5,BLM,2,4,-44,BLM,Run,3.0,47,BLOOM,Kaleb Monaco,R,,,,,,,,,,,,,,,,,,,,,,,,Kaleb Brown,,,,,,,,,,,,,,,,,0,0,26.0,9.0
3,11:20,15,6,BLM,3,1,-47,BLM,Run,0.0,47,BLOOM,Ty Pringle,M,,,,,,,,,,,,,,,,,,,,,,,,Connor Noble,,,,,,,,,,,,,,,,,0,0,26.0,9.0
3,11:20,15,7,BLM,4,1,-47,BLM,Run,1.0,48,BLOOM,Ty Pringle,M,,,,,,,,,,,,,,,,,,,,,,,,Nate Desmond,Tom Burns,,,,,,,,,,,,,,,,0,0,26.0,9.0
3,11:20,15,8,BLM,1,10,-48,BLM,Pass,25.0,27,WCU,,,KJ Riley,L, short,Jack Ferguson,Complete,,,,,,,,,,,,,,,,,,,,,0.0,Jack Ferguson,Connor Noble,WCU,WCU,27,,,,,,,,,,0,0,26.0,9.0
3,07:32,16,0,WCU,,,,,,,,,,,,,,,,,,,,,,,,,,,,,,,,,,,,,,,,,,,,,,,,,,,0,0,26.0,9.0
3,07:32,16,1,WCU,1,10,-27,WCU,,,,,,,,,,,,,,,,,,,,,,,,,,,,,,,,,,,,,,,,,,,,,,,0,0,26.0,9.0
3,07:32,16,2,WCU,1,10,-27,WCU,Pass,11.0,38,WCU,,,Ethan Kohler,L, short,Daquan Robinson,Complete,,,,,,,,,,,,,,,,,,,Ryan D'Ambra,,,,,,,,,,,,,,,,,0,0,26.0,9.0
3,07:32,16,3,WCU,1,10,-38,WCU,Run,-5.0,33,WCU,Daquan Robinson,L,,,,,,,,,,,,,,,,,,,,,,,,Charles Crews III,,,,,,,,,,,,,,,,,0,0,26.0,9.0
3,07:32,16,4,WCU,2,15,-33,WCU,Pass,5.0,38,WCU,,,Ethan Kohler,M, short,D'Shaun Seals,Complete,,,,,,,,,,,,,,,,,,,Ky Seesholtz,,,,,,,,,,,,,,,,,0,0,26.0,9.0
3,07:32,16,5,WCU,3,10,-38,WCU,Pass,-2.0,36,WCU,,,Ethan Kohler,,,,Sack,,,,,,,,,,,,,,,,,,,Joseph Kahn,,,,,,,,,,,,,,,,,0,0,26.0,9.0
3,07:32,16,6,WCU,4,12,-36,WCU,Punt,,,,,,,,,,,,,,,,Sean Henry,39,BLOOM,25,,,,,,,,,,,,,,,,,,,,,,,,,,,0,0,26.0,9.0
3,04:12,17,0,BLM,,,,,,,,,,,,,,,,,,,,,,,,,,,,,,,,,,,,,,,,,,,,,,,,,,,0,0,26.0,9.0
3,04:12,17,1,BLM,1,10,-25,BLM,,,,,,,,,,,,,,,,,,,,,,,,,,,,,,,,,,,,,,,,,,,,,,,0,0,26.0,9.0
3,04:12,17,2,BLM,1,10,-25,BLM,Pass,9.0,34,BLOOM,,,KJ Riley,R, short,Owen Anderson,Complete,,,,,,,,,,,,,,,,,,,Khalib Slaughter,Sterlen Barr,,,,,,,,,,,,,,,,0,0,26.0,9.0
3,04:12,17,3,BLM,2,1,-34,BLM,Pass,0.0,,,,,KJ Riley,R, short,Jerry Griffen-Batchler,Incomplete,,,,,,,,,,,,,,,,,,,,,,,,,,,,,,,,,,,,0,0,26.0,9.0
3,04:12,17,4,BLM,3,1,-34,BLM,Run,7.0,41,BLOOM,Kaleb Monaco,M,,,,,,,,,,,,,,,,,,,,,,,,Khalib Slaughter,Ayyub Dail,,,,,,,,,,,,,,,,0,0,26.0,9.0
3,04:12,17,5,BLM,1,10,-41,BLM,Pass,0.0,,,,,KJ Riley,R, short,Jerry Griffen-Batchler,Incomplete,,,,,,,,,,,,,,,,,,,,,,,,,,,,,,,,,,,,0,0,26.0,9.0
3,04:12,17,6,BLM,2,10,-41,BLM,Run,4.0,45,BLOOM,Kaleb Monaco,M,,,,,,,,,,,,,,,,,,,,,,,,Darrell Brown,Nate Desmond,,,,,,,,,,,,,,,,0,0,26.0,9.0
3,04:12,17,7,BLM,3,6,-45,BLM,Pass,8.0,47,WCU,,,KJ Riley,L, short,Owen Anderson,Complete,,,,,,,,,,,,,,,,,,,Kaleb Brown,,,,,,,,,,,,,,,,,0,0,26.0,9.0
3,04:12,17,8,BLM,1,10,47,WCU,Pass,6.0,41,WCU,,,KJ Riley,L, short,Jerry Griffen-Batchler,Complete,,,,,,,,,,,,,,,,,,,,,,,,,,,,,,,,,,,,0,0,26.0,9.0
3,04:12,17,9,BLM,2,4,41,WCU,Run,0.0,41,WCU,Gabe Brower,L,,,,,,,,,,,,,,,,,,,,,,,,Kaleb Brown,,,,,,,,,,,,,,,,,0,0,26.0,9.0
3,04:12,17,10,BLM,3,4,41,WCU,Pass,0.0,,,,,KJ Riley,R, short,Jack Ferguson,Incomplete,,,,,,,,,,,,,,,,,,,,,,,,,,,,,,,,,,,,0,0,26.0,9.0
3,04:12,17,11,BLM,4,4,41,WCU,Punt,,,,,,,,,,,,,,,,Brendan Gregory,32,WCU,9,Fair Catch,,,,,,,,,,,,,,,,,,,,,,,,,,0,0,26.0,9.0
3,00:12,18,0,WCU,,,,,,,,,,,,,,,,,,,,,,,,,,,,,,,,,,,,,,,,,,,,,,,,,,,0,0,26.0,9.0
3,00:12,18,1,WCU,1,10,-9,WCU,,,,,,,,,,,,,,,,,,,,,,,,,,,,,,,,,,,,,,,,,,,,,,,0,0,26.0,9.0
3,00:12,18,2,WCU,1,10,-9,WCU,Run,-2.0,7,WCU,Daquan Robinson,R,,,,,,,,,,,,,,,,,,,,,,,,Brady Thompson,,,,,,,,,,,,,,,,,0,0,26.0,9.0
4,00:12,19,0,WCU,,,,,,,,,,,,,,,,,,,,,,,,,,,,,,,,,,,,,,,,,,,,,,,,,,,0,0,26.0,9.0
4,15:00,19,1,WCU,2,12,-7,WCU,,,,,,,,,,,,,,,,,,,,,,,,,,,,,,,,,,,,,,,,,,,,,,,0,0,26.0,9.0
4,15:00,19,2,WCU,2,12,-7,WCU,Pass,19.0,26,WCU,,,Cooper Jordan,L, short,Robby Longo,Complete,,,,,,,,,,,,,,,,,,,Quentin Gaskill,,,,,,,,,,,,,,,,,0,0,26.0,9.0
4,15:00,19,3,WCU,1,10,-26,WCU,Run,6.0,32,WCU,Cooper Jordan,L,,,,,,,,,,,,,,,,,,,,,,,,Brady Thompson,Ryan D'Ambra,,,,,,,,,,,,,,,,0,0,26.0,9.0
4,15:00,19,4,WCU,2,4,-32,WCU,Run,1.0,33,WCU,Daquan Robinson,L,,,,,,,,,,,,,,,,,,,,,,,,Giovanni Cancro,Ky Seesholtz,,,,,,,,,,,,,,,,0,0,26.0,9.0
4,15:00,19,5,WCU,3,3,-33,WCU,Pass,0.0,,,,,Cooper Jordan,L, short,Rahiem Bowens,Incomplete,,,,,,,,,,,,,,,,,,,,,,,,,,,,,,,,,,,,0,0,26.0,9.0
4,15:00,19,6,WCU,4,3,-33,WCU,Penalty,,,,,,,,,,,,,,,,,,,,,,,,,,,,,,,,,,,,,1.0,Encroachment,,BLOOM,5,,1.0,,,0,0,26.0,9.0
4,15:00,19,7,WCU,1,10,-38,WCU,Run,3.0,41,WCU,Jayden Williams,L,,,,,,,,,,,,,,,,,,,,,,,,Joseph Kahn,,,,,,,,,,,,,,,,,0,0,26.0,9.0
4,15:00,19,8,WCU,2,7,-41,WCU,Run,3.0,44,WCU,Brody McAndrew,M,,,,,,,,,,,,,,,,,,,,,,,,Ryan D'Ambra,Harry Jennings,,,,,,,,,,,,,,,,0,0,26.0,9.0
4,15:00,19,9,WCU,3,4,-44,WCU,Pass,7.0,49,BLOOM,,,Cooper Jordan,L, short,D'Shaun Seals,Complete,,,,,,,,,,,,,,,,,,,Ron Long,,,,,,,,,,,,,,,,,0,0,26.0,9.0
4,15:00,19,10,BLM,1,10,-49,BLM,Run,5.0,44,BLOOM,Cooper Jordan,L,,,,,,,,,,,,,,,,,,,,,,,,Tom Goetz,,,,,,,,,,,,,,,,,0,0,26.0,9.0
4,15:00,19,11,BLM,2,5,-44,BLM,Run,2.0,42,BLOOM,Jayden Williams,L,,,,,,,,,,,,,,,,,,,,,,,,Devin Fleming,Ky Seesholtz,,,,,,,,,,,,,,,,0,0,26.0,9.0
4,15:00,19,12,BLM,3,3,-42,BLM,Pass,16.0,26,BLOOM,,,Cooper Jordan,L, short,Rahiem Bowens,Complete,,,,,,,,,,,,,,,,,,,Devin Fleming,,,,,,,,,Ineligible Downfield On Pass,,WCU,5,,1.0,,,0,0,26.0,9.0
4,15:00,19,13,BLM,3,8,-47,BLM,Pass,15.0,32,BLOOM,,,Cooper Jordan,L, short,D'Shaun Seals,Complete,,,,,,,,,,,,,,,,,,,DJ Greene,Ron Long,,,,,,,,,,,,,,,,0,0,26.0,9.0
4,15:00,19,14,BLM,1,10,-32,BLM,Run,2.0,30,BLOOM,D'Shaun Seals,L,,,,,,,,,,,,,,,,,,,,,,,,Ryan Woertz,Ron Long,,,,,,,,,,,,,,,,0,0,26.0,9.0
4,15:00,19,15,BLM,2,8,-30,BLM,Run,4.0,26,BLOOM,Brody McAndrew,M,,,,,,,,,,,,,,,,,,,,,,,,Ryan D'Ambra,,,,,,,,,,,,,,,,,0,0,26.0,9.0
4,15:00,19,16,BLM,3,4,-26,BLM,Run,2.0,24,BLOOM,Jayden Williams,L,,,,,,,,,,,,,,,,,,,,,,,,Quamire Green,,,,,,,,,,,,,,,,,0,0,26.0,9.0
4,15:00,19,17,BLM,4,2,-24,BLM,Run,2.0,22,BLOOM,Brody McAndrew,M,,,,,,,,,,,,,,,,,,,,,,,,Harry Jennings,Charles Crews III,,,,,,,,Illegal Shift,,WCU,5,,1.0,,,0,0,26.0,9.0
4,06:47,19,18,WCU,4,7,29,BLM,FG,,,,,,,,,,,,,,,,Sean Henry,,,,,46,No Good,,,,,,,Chris Barbera,,,,,,,,,,,,,,,,,0,0,26.0,9.0
4,06:47,20,0,BLM,,,,,,,,,,,,,,,,,,,,,,,,,,,,,,,,,,,,,,,,,,,,,,,,,,,0,0,26.0,9.0
4,06:47,20,1,BLM,1,10,-29,BLM,,,,,,,,,,,,,,,,,,,,,,,,,,,,,,,,,,,,,,,,,,,,,,,0,0,26.0,9.0
4,06:47,20,2,BLM,1,10,-29,BLM,Run,1.0,30,BLOOM,Kaleb Monaco,M,,,,,,,,,,,,,,,,,,,,,,,,Sterlen Barr,,,,,,,,,,,,,,,,,0,0,26.0,9.0
4,06:47,20,3,BLM,2,9,-30,BLM,Run,10.0,40,BLOOM,Kaleb Monaco,M,,,,,,,,,,,,,,,,,,,,,,,,Darrell Brown,Connor Noble,,,,,,,,,,,,,,,,0,0,26.0,9.0
4,06:47,20,4,BLM,1,10,-40,BLM,Pass,23.0,37,WCU,,,KJ Riley,L, short,Jerry Griffen-Batchler,Complete,,,,,,,,,,,,,,,,,,,Obi Anyatonwu,,,,,,,,,,,,,,,,,0,0,26.0,9.0
4,06:47,20,5,BLM,1,10,37,WCU,Run,10.0,27,WCU,Kaleb Monaco,M,,,,,,,,,,,,,,,,,,,,,,,,Darrell Brown,,,,,,,,,,,,,,,,,0,0,26.0,9.0
4,06:47,20,6,BLM,1,10,27,WCU,Run,7.0,20,WCU,Kaleb Monaco,L,,,,,,,,,,,,,,,,,,,,,,,,Connor Noble,Kaleb Brown,,,,,,,,,,,,,,,,0,0,26.0,9.0
4,03:28,20,7,BLM,2,3,20,WCU,Pass,20.0,0,WCU,,,KJ Riley,M, deep,Nas Jones,Complete,,,,,,,,,,,,,,,,,,,,,,,,,,,,,,,,1.0,,,,6,0,26.0,9.0
4,03:28,20,8,BLM,1,10,3,WCU,Extra Pt.,,,,,,,,,,,,,,,,Christopher George,,,,,,,Kick,Good,,,,,KJ Riley,,,,,,,,,,,,,,,,,1,0,32.0,9.0
4,03:28,20,9,BLM,1,10,-35,BLM,Kickoff,,,,,,,,,,,,,,,,Kevin Carrigan,65,WCU,0,Return,,,,,Dayshawn Jacobs,29,WCU,29,Hakeem Bacon,,,,,,,,,,,,,,,,,0,0,33.0,9.0
4,03:22,21,0,WCU,,,,,,,,,,,,,,,,,,,,,,,,,,,,,,,,,,,,,,,,,,,,,,,,,,,0,0,33.0,9.0
4,03:22,21,1,WCU,1,10,-29,WCU,,,,,,,,,,,,,,,,,,,,,,,,,,,,,,,,,,,,,,,,,,,,,,,0,0,33.0,9.0
4,03:22,21,2,WCU,1,10,-29,WCU,Run,3.0,32,WCU,Daquan Robinson,L,,,,,,,,,,,,,,,,,,,,,,,,Quentin Gaskill,Tom Goetz,,,,,,,,,,,,,,,,0,0,33.0,9.0
4,03:22,21,3,WCU,2,7,-32,WCU,Pass,9.0,41,WCU,,,Cooper Jordan,L, short,D'Shaun Seals,Complete,,,,,,,,,,,,,,,,,,,Ron Long,,,,,,,,,,,,,,,,,0,0,33.0,9.0
4,03:22,21,4,WCU,1,10,-41,WCU,Pass,-7.0,34,WCU,,,Cooper Jordan,,,,Sack,,,,,,,,,,,,,,,,,,,Ryan D'Ambra,,,,,,,,,,,,,,,,,0,0,33.0,9.0
4,03:22,21,5,WCU,2,17,-34,WCU,Pass,11.0,45,WCU,,,Cooper Jordan,L, short,Daquan Robinson,Complete,,,,,,,,,,,,,,,,,,,Devin Fleming,,,,,,,,,,,,,,,,,0,0,33.0,9.0
4,03:22,21,6,WCU,3,6,-45,WCU,Run,8.0,47,BLOOM,Cooper Jordan,M,,,,,,,,,,,,,,,,,,,,,,,,,,0.0,Cooper Jordan,D'Shaun Seals,WCU,WCU,49,,,,,,,,1.0,,0,0,33.0,9.0
4,01:36,21,7,WCU,1,10,47,BLM,Timeout,,,,,,,,,,,,,,,,,,,,,,,,,,,,,,,,,,,,,,,,,,,,,,0,0,33.0,9.0
4,01:36,21,8,BLM,1,10,-47,BLM,Run,8.0,39,BLOOM,Cooper Jordan,M,,,,,,,,,,,,,,,,,,,,,,,,,,,,,,,,,,,,,,,,,0,0,33.0,9.0
4,01:36,21,9,BLM,2,2,-39,BLM,Pass,0.0,,,,,Cooper Jordan,R, deep,Rahiem Bowens,Incomplete,,,,,,,,,,,,,,,,,,,,,,,,,,,,,,,,,,,,0,0,33.0,9.0
4,01:36,21,10,BLM,3,2,-39,BLM,Run,0.0,39,BLOOM,Cooper Jordan,M,,,,,,,,,,,,,,,,,,,,,,,,Brady Thompson,,,,,,,,,,,,,,,1.0,,0,0,33.0,9.0
4,00:41,21,11,BLM,4,2,-39,BLM,Timeout,,,,,,,,,,,,,,,,,,,,,,,,,,,,,,,,,,,,,,,,,,,,,,0,0,33.0,9.0
4,00:41,21,12,BLM,4,2,-39,BLM,Run,16.0,23,BLOOM,Cooper Jordan,L,,,,,,,,,,,,,,,,,,,,,,,,Quentin Gaskill,,,,,,,,,,,,,,,,,0,0,33.0,9.0
4,00:41,21,13,BLM,1,10,-23,BLM,Run,20.0,3,BLOOM,Cooper Jordan,L,,,,,,,,,,,,,,,,,,,,,,,,Ron Long,,,,,,,,,,,,,,,,,0,0,33.0,9.0
4,00:41,21,14,BLM,1,3,-3,BLM,Penalty,,,,,,,,,,,,,,,,,,,,,,,,,,,,,,,,,,,,,1.0,False Start,,WCU,5,,1.0,,,0,0,33.0,9.0
4,00:41,21,15,BLM,1,8,-8,BLM,Run,0.0,8,BLOOM,Daquan Robinson,M,,,,,,,,,,,,,,,,,,,,,,,,Ky Seesholtz,Brady Thompson,,,,,,,,,,,,,,1.0,,0,0,33.0,9.0
4,00:15,21,16,BLM,2,8,-8,BLM,Timeout,,,,,,,,,,,,,,,,,,,,,,,,,,,,,,,,,,,,,,,,,,,,,,0,0,33.0,9.0
4,00:15,21,17,BLM,2,8,-8,BLM,Pass,-5.0,13,BLOOM,,,Cooper Jordan,,,,Sack,,,,,,,,,,,,,,,,,,,Tom Goetz,,,,,,,,,,,,,,,1.0,,0,0,33.0,9.0
4,00:03,21,18,BLM,3,13,-13,BLM,Timeout,,,,,,,,,,,,,,,,,,,,,,,,,,,,,,,,,,,,,,,,,,,,,,0,0,33.0,9.0
4,00:00,21,19,WCU,3,13,13,BLM,FG,,,,,,,,,,,,,,,,Sean Henry,,,,,30,No Good,,,,,,,Chris Barbera,,,,,,,,,,,,,,,,,0,0,33.0,9.0
4,15:00,21,20,WCU,1,10,25,BLM,,,,,,,,,,,,,,,,,,,,,,,,,,,,,,,,,,,,,,,,,,,,,,,0,0,33.0,9.0
4,00:00,21,21,WCU,1,10,20,BLM,,,,,,,,,,,,,,,,,,,,,,,,,,,,,,,,,,,,,,,,,,,,,,,0,0,33.0,9.0
5,15:00,22,0,,,,,,,,,,,,,,,,,,,,,,,,,,,,,,,,,,,,,,,,,,,,,,,,,,,,0,0,33.0,9.0
5,15:00,22,1,,,,,,,,,,,,,,,,,,,,,,,,,,,,,,,,,,,,,,,,,,,,,,,,,,,,0,0,33.0,9.0
5,15:00,23,0,WCU,,,,,,,,,,,,,,,,,,,,,,,,,,,,,,,,,,,,,,,,,,,,,,,,,,,0,0,33.0,9.0
5,15:00,23,1,WCU,1,10,25,BLM,,,,,,,,,,,,,,,,,,,,,,,,,,,,,,,,,,,,,,,,,,,,,,,0,0,33.0,9.0
5,15:00,23,2,BLM,1,10,-25,BLM,Run,2.0,23,BLOOM,Jayden Williams,M,,,,,,,,,,,,,,,,,,,,,,,,Tom Goetz,,,,,,,,,,,,,,,,,0,0,33.0,9.0
5,15:00,23,3,BLM,2,8,-23,BLM,Pass,8.0,15,BLOOM,,,Cooper Jordan,R, short,D'Shaun Seals,Complete,,,,,,,,,,,,,,,,,,,Ron Long,Ryan D'Ambra,,,,,,,,,,,,,,,,0,0,33.0,9.0
5,15:00,23,4,BLM,1,10,-15,BLM,Penalty,,,,,,,,,,,,,,,,,,,,,,,,,,,,,,,,,,,,,1.0,,Julian Jordan,,,,1.0,,,0,0,33.0,9.0
5,15:00,23,5,BLM,1,15,-20,BLM,Run,3.0,17,BLOOM,Jayden Williams,M,,,,,,,,,,,,,,,,,,,,,,,,Ryan D'Ambra,Kenny Yurkonis,,,,,,,,,,,,,,,,0,0,33.0,9.0
5,15:00,23,6,BLM,2,12,-17,BLM,Pass,0.0,,,,,Cooper Jordan,L, short,D'Shaun Seals,Incomplete,,,,,,,,,,,,,,,,,,,,,,,,,,,,,,,,,,,,0,0,33.0,9.0
5,15:00,23,7,BLM,3,12,-17,BLM,Pass,0.0,,,,,Cooper Jordan,R, short,Seth Degree,Incomplete,,,,,,,,,,,,,,,,,,,,,,,,,,,,,,,,,,,,0,0,33.0,9.0
5,00:00,23,8,WCU,4,12,17,BLM,FG,,,,,,,,,,,,,,,,Sean Henry,,,,,34,Good,,,,,,,Chris Barbera,,,,,,,,,,,,,,,,,0,3,33.0,9.0
5,00:00,23,9,WCU,4,12,17,BLM,,,,,,,,,,,,,,,,,,,,,,,,,,,,,,,,,,,,,,,,,,,,,,,0,0,33.0,12.0
5,15:00,24,0,BLM,,,,,,,,,,,,,,,,,,,,,,,,,,,,,,,,,,,,,,,,,,,,,,,,,,,0,0,33.0,12.0
5,15:00,24,1,BLM,1,10,25,WCU,,,,,,,,,,,,,,,,,,,,,,,,,,,,,,,,,,,,,,,,,,,,,,,0,0,33.0,12.0
5,15:00,24,2,BLM,1,10,25,WCU,Run,-3.0,28,WCU,Kaleb Monaco,R,,,,,,,,,,,,,,,,,,,,,,,,Khalib Slaughter,,,,,,,,,,,,,,,,,0,0,33.0,12.0
5,15:00,24,3,BLM,2,13,28,WCU,Pass,3.0,25,WCU,,,KJ Riley,L, short,Jaden Helton,Complete,,,,,,,,,,,,,,,,,,,,,0.0,Jaden Helton,,,WCU,22,,,,,,,,,,0,0,33.0,12.0
5,15:00,24,4,BLM,3,10,25,WCU,Penalty,,,,,,,,,,,,,,,,,,,,,,,,,,,,,,,,,,,,,1.0,,John Shallo,,,,1.0,,,0,0,33.0,12.0
5,15:00,24,5,BLM,3,15,30,WCU,Pass,0.0,,,,,KJ Riley,L, deep,Nas Jones,Incomplete,,,,,,,,,,,,,,,,,,,,,,,,,,,,,,,,,,1.0,,0,0,33.0,12.0
5,15:00,24,6,BLM,4,15,30,WCU,Timeout,,,,,,,,,,,,,,,,,,,,,,,,,,,,,,,,,,,,,,,,,,,,,,0,0,33.0,12.0
5,15:00,24,7,BLM,4,15,30,WCU,Pass,-3.0,33,WCU,,,KJ Riley,,,,Sack,,,,,,,,,,,,,,,,,,,Connor Noble,,0.0,KJ Riley,Marlon Westcott,BLOOM,WCU,33,,,,,,,,,,0,0,33.0,12.0
